jonesdavid,Mitsubishi
perezaaron,GMC
andrewtyler,Mercury
mdavis,Nissan
dennisrebecca,Mercedes-Benz
fjones,Ford
dshields,Mitsubishi
arnoldbenjamin,Honda
sierra68,Chevrolet
alyssavasquez,Mercedes-Benz
iblair,Suzuki
fryjennifer,Dodge
ryan84,Maserati
xporter,Ford
alvarezmichelle,GMC
jenningsthomas,Nissan
michaelwalton,Alfa Romeo
heather07,Lincoln
twest,BMW
phernandez,Ford
nsutton,Chevrolet
reyeslori,Maserati
tiffany29,Cadillac
jennifer35,Isuzu
sullivandonald,Pontiac
bruce57,Volkswagen
dmartinez,Chevrolet
jsmith,Jaguar
wjohnson,Mercedes-Benz
rclark,Chevrolet
nicolepeterson,Jaguar
petersondustin,Chevrolet
scottnicole,Lexus
christinefreeman,Ford
cmorris,Volkswagen
harrisalexandria,Chevrolet
watersjacob,GMC
eperez,Lexus
kruiz,Mitsubishi
xsanchez,Hyundai
rmitchell,Kia
lyonsnicolas,BMW
gonzalezveronica,Chevrolet
hsantana,Hyundai
andersonrichard,Subaru
nbaker,Acura
brentbraun,MAZDA
debbie70,Lamborghini
markcoleman,Aston Martin
johnschmitt,Toyota
kelly07,Chevrolet
oclark,Toyota
williambryant,Porsche
hhuffman,Alfa Romeo
michelle10,MINI
millernancy,Chevrolet
ganderson,Ford
williamnguyen,Land Rover
davidwhitaker,Ford
vfarrell,Lexus
hubbardjennifer,Ford
jeremiah53,Toyota
morgandaniel,Volvo
andrew02,Chevrolet
mackenzie70,Mercedes-Benz
andrewperry,Nissan
anthonycollins,Dodge
nicolejordan,Hyundai
qfisher,Lexus
garciagregory,Daewoo
srush,MAZDA
monicaward,Isuzu
galvanamber,Ford
antoniostephens,Audi
james26,BMW
gardnerronald,Maserati
sherryrivera,Porsche
halejoel,Ford
paulmorris,Honda
sosazachary,Oldsmobile
kluna,Chevrolet
icardenas,Lexus
marc09,GMC
brucemartin,Buick
jeffreybryant,Bentley
amanda48,Jeep
lisaperry,Dodge
mckenzie56,Honda
karenlopez,Chevrolet
adammason,Ford
hrosario,Dodge
brittanyblack,Nissan
paulsullivan,Nissan
kevincox,Volkswagen
scottmelton,Mercedes-Benz
gillespiemolly,Chevrolet
saraashley,Mitsubishi
dmartinez,GMC
robinsonadam,GMC
drandall,Scion