jonesdavid,vpark@example.org,37,1990-07-06,Female
perezaaron,jennifer16@example.org,39,1964-03-21,Male
andrewtyler,morrislauren@example.com,58,1966-09-29,Male
mdavis,katie88@example.org,57,1991-03-17,Female
dennisrebecca,wyatt05@example.org,38,2000-11-25,Female
fjones,hahnkevin@example.org,20,2002-11-17,Male
dshields,lbrown@example.org,56,1976-06-20,Female
arnoldbenjamin,hahnjacob@example.net,21,1968-08-02,Female
sierra68,brandonking@example.org,38,1988-05-23,Female
alyssavasquez,kaiserelizabeth@example.org,46,1993-05-01,Male
iblair,josecarter@example.com,19,1980-07-20,Male
fryjennifer,karenchen@example.com,33,1984-12-19,Male
ryan84,hardyjoel@example.net,58,1991-12-27,Male
xporter,ewilliams@example.com,20,1972-02-23,Female
alvarezmichelle,benjamin43@example.org,43,1990-12-26,Male
jenningsthomas,thomas96@example.org,63,1993-02-19,Male
michaelwalton,simpsonjoshua@example.org,30,1988-04-18,Male
heather07,jacobwillis@example.com,33,1960-03-06,Male
twest,jchoi@example.com,45,1979-03-29,Male
phernandez,katelyn95@example.org,26,1989-03-14,Male
nsutton,jamessamantha@example.net,24,1991-09-23,Female
reyeslori,simpsonselena@example.net,49,1981-02-09,Female
tiffany29,bryanthomas@example.com,53,1981-12-01,Female
jennifer35,deleonvictoria@example.com,31,1987-05-30,Female
sullivandonald,matthewponce@example.org,45,1963-07-02,Male
bruce57,jasonlee@example.com,46,1970-08-14,Male
dmartinez,qgarcia@example.net,60,1992-05-13,Male
jsmith,ronaldjones@example.com,54,2000-06-07,Female
wjohnson,wilsonkayla@example.com,65,1966-09-30,Female
rclark,bmcmillan@example.org,38,1984-09-24,Female
nicolepeterson,campbellstephanie@example.org,32,1963-12-16,Male
petersondustin,deniseblake@example.net,27,1958-02-23,Female
scottnicole,cory71@example.com,20,1979-12-30,Male
christinefreeman,townsendrichard@example.org,26,1994-05-25,Female
cmorris,davidlopez@example.com,42,1974-02-03,Female
harrisalexandria,abigail81@example.com,43,1957-07-20,Male
watersjacob,wlowe@example.com,36,1999-06-17,Male
eperez,sotodavid@example.org,54,1980-04-13,Female
kruiz,greentonya@example.net,18,1984-12-11,Female
xsanchez,angelica96@example.org,57,1983-02-08,Male
rmitchell,bishopariana@example.net,53,2004-10-10,Male
lyonsnicolas,lnorton@example.net,50,2002-07-23,Female
gonzalezveronica,courtneyterry@example.net,24,2000-05-24,Male
hsantana,kallen@example.net,38,1986-11-01,Female
andersonrichard,michaelsolomon@example.com,59,2002-11-17,Male
nbaker,johnsonjerry@example.org,53,1981-07-02,Male
brentbraun,blanchardwilliam@example.com,40,1969-08-25,Male
debbie70,sarah83@example.com,38,1991-11-18,Female
markcoleman,michael29@example.net,22,2003-09-01,Female
johnschmitt,stanleywilliam@example.com,63,1983-09-28,Male
kelly07,clineantonio@example.org,50,1965-11-26,Female
oclark,wgray@example.net,22,1975-11-12,Female
williambryant,larry14@example.net,21,1980-03-17,Female
hhuffman,evansbarry@example.net,34,1991-01-27,Female
michelle10,myerslarry@example.org,61,1976-09-05,Female
millernancy,andersonderek@example.com,24,1983-06-07,Male
ganderson,craigjones@example.com,45,1978-08-02,Female
williamnguyen,wendywelch@example.net,52,1988-11-03,Female
davidwhitaker,grossmicheal@example.org,54,1997-10-25,Male
vfarrell,rrodgers@example.org,57,2001-07-11,Male
hubbardjennifer,roger65@example.net,29,2003-03-19,Male
jeremiah53,howardwheeler@example.com,29,1967-06-05,Female
morgandaniel,david80@example.org,45,1959-10-29,Female
andrew02,kennedyjoshua@example.com,30,2004-06-12,Female
mackenzie70,kristin70@example.org,37,1971-03-28,Male
andrewperry,cantuerin@example.net,47,1990-05-21,Female
anthonycollins,williamsaaron@example.com,31,1975-03-24,Male
nicolejordan,mclark@example.org,49,1975-02-14,Female
qfisher,smorgan@example.org,24,1994-12-11,Female
garciagregory,brianna41@example.com,38,2004-10-01,Male
srush,yvettemoore@example.net,53,1982-11-06,Male
monicaward,jacobsonisaac@example.net,28,1971-01-13,Male
galvanamber,daviscrystal@example.net,62,1962-05-31,Female
antoniostephens,arielpearson@example.org,36,1976-06-03,Female
james26,jamesalvarado@example.com,59,1976-03-29,Female
gardnerronald,khawkins@example.net,24,1984-04-02,Female
sherryrivera,jennifer25@example.org,32,1961-12-17,Male
halejoel,nicholas07@example.net,41,2004-03-19,Male
paulmorris,crivera@example.org,42,2001-06-15,Male
sosazachary,robinsonlisa@example.com,18,1993-05-26,Female
kluna,klong@example.com,54,1961-09-07,Female
icardenas,evansbenjamin@example.net,58,1965-04-20,Male
marc09,kyoung@example.com,42,1998-09-03,Female
brucemartin,scottmegan@example.com,39,1961-04-13,Female
jeffreybryant,kayla92@example.org,25,2004-06-14,Male
amanda48,allenandrea@example.org,25,1974-12-14,Female
lisaperry,xmercado@example.net,53,1998-01-30,Male
mckenzie56,williamsonmaria@example.com,63,1993-12-30,Male
karenlopez,bethpeterson@example.org,35,1972-07-20,Female
adammason,nperkins@example.net,25,1995-05-22,Female
hrosario,jennifer00@example.com,26,1994-09-10,Female
brittanyblack,chanbrianna@example.com,51,1967-12-25,Male
paulsullivan,annnash@example.org,55,1982-08-13,Female
kevincox,iroberts@example.org,28,2001-03-08,Male
scottmelton,delacruznicholas@example.net,27,1967-06-24,Female
gillespiemolly,nortonroy@example.net,49,1985-12-22,Female
saraashley,justinreeves@example.org,42,1997-03-03,Male
dmartinez,jennifernewton@example.org,38,1991-08-31,Female
robinsonadam,lisapatel@example.org,32,2000-12-23,Female
drandall,hannah36@example.net,61,1960-09-20,Female
